Team,Over Record,Over %,Under %,Total,Year
LA Rams,11-6-0,64.7%,35.3%,+1.9,2003
Kansas City,11-6-0,64.7%,35.3%,+5.5,2003
Indianapolis,12-7-0,63.2%,36.8%,+5.8,2003
LA Chargers,10-6-0,62.5%,37.5%,+3.9,2003
Carolina,11-8-1,57.9%,42.1%,+2.7,2003
Minnesota,9-7-0,56.3%,43.8%,+1.5,2003
Green Bay,10-8-0,55.6%,44.4%,+2.6,2003
Houston,8-7-1,53.3%,46.7%,+0.6,2003
Philadelphia,9-8-1,52.9%,47.1%,+0.9,2003
Baltimore,9-8-0,52.9%,47.1%,+2.6,2003
Pittsburgh,8-8-0,50.0%,50.0%,-3.6,2003
Jacksonville,8-8-0,50.0%,50.0%,-2.8,2003
Denver,8-8-1,50.0%,50.0%,-0.8,2003
Tennessee,9-9-0,50.0%,50.0%,+3.8,2003
New England,9-10-0,47.4%,52.6%,-0.6,2003
Dallas,8-9-0,47.1%,52.9%,-2.1,2003
Washington,7-8-1,46.7%,53.3%,+1.8,2003
San Francisco,7-9-0,43.8%,56.3%,+2.6,2003
Arizona,7-9-0,43.8%,56.3%,+1.2,2003
NY Jets,7-9-0,43.8%,56.3%,-2.3,2003
Cincinnati,7-9-0,43.8%,56.3%,+3.1,2003
Chicago,7-9-0,43.8%,56.3%,-1.5,2003
Atlanta,7-9-0,43.8%,56.3%,+4.0,2003
Cleveland,6-9-1,40.0%,60.0%,-5.9,2003
NY Giants,6-9-1,40.0%,60.0%,+0.3,2003
Miami,6-10-0,37.5%,62.5%,-1.2,2003
Detroit,6-10-0,37.5%,62.5%,-1.7,2003
Tampa Bay,6-10-0,37.5%,62.5%,-2.4,2003
Las Vegas,6-10-0,37.5%,62.5%,-2.9,2003
Seattle,6-11-0,35.3%,64.7%,+2.1,2003
New Orleans,5-10-1,33.3%,66.7%,-0.3,2003
Buffalo,2-14-0,12.5%,87.5%,-6.0,2003
Las Vegas,11-5-0,68.8%,31.3%,+2.6,2004
Buffalo,11-5-0,68.8%,31.3%,+5.7,2004
Seattle,11-6-0,64.7%,35.3%,+3.4,2004
Green Bay,11-6-0,64.7%,35.3%,+4.8,2004
Kansas City,10-6-0,62.5%,37.5%,+7.3,2004
Cincinnati,10-6-0,62.5%,37.5%,+6.2,2004
Tennessee,10-6-0,62.5%,37.5%,+4.6,2004
Miami,9-7-0,56.3%,43.8%,+2.5,2004
Dallas,9-7-0,56.3%,43.8%,+3.1,2004
LA Rams,10-8-0,55.6%,44.4%,-0.1,2004
Indianapolis,10-8-0,55.6%,44.4%,+2.9,2004
Pittsburgh,10-8-0,55.6%,44.4%,+2.3,2004
San Francisco,8-7-1,53.3%,46.7%,+3.2,2004
LA Chargers,9-8-0,52.9%,47.1%,+0.8,2004
NY Giants,8-8-0,50.0%,50.0%,+1.3,2004
Arizona,8-8-0,50.0%,50.0%,-1.9,2004
Baltimore,8-8-0,50.0%,50.0%,-0.3,2004
New England,9-10-0,47.4%,52.6%,+1.8,2004
New Orleans,7-8-1,46.7%,53.3%,+0.9,2004
NY Jets,8-10-0,44.4%,55.6%,-2.3,2004
Cleveland,7-9-0,43.8%,56.3%,+2.8,2004
Houston,7-9-0,43.8%,56.3%,-3.9,2004
Carolina,7-9-0,43.8%,56.3%,+1.6,2004
Denver,7-10-0,41.2%,58.8%,-0.5,2004
Atlanta,7-11-0,38.9%,61.1%,-0.1,2004
Minnesota,7-11-0,38.9%,61.1%,+0.6,2004
Detroit,6-10-0,37.5%,62.5%,-2.2,2004
Tampa Bay,5-10-1,33.3%,66.7%,-1.6,2004
Chicago,5-10-1,33.3%,66.7%,-2.8,2004
Philadelphia,5-14-0,26.3%,73.7%,-2.2,2004
Washington,4-12-0,25.0%,75.0%,-5.9,2004
Jacksonville,4-12-0,25.0%,75.0%,-5.8,2004
Buffalo,10-6-0,62.5%,37.5%,+1.9,2005
Arizona,10-6-0,62.5%,37.5%,+1.0,2005
Tennessee,9-7-0,56.3%,43.8%,+2.2,2005
Atlanta,9-7-0,56.3%,43.8%,+2.5,2005
LA Rams,9-7-0,56.3%,43.8%,+4.0,2005
Miami,9-7-0,56.3%,43.8%,+1.3,2005
Denver,10-8-0,55.6%,44.4%,-1.2,2005
Pittsburgh,11-9-0,55.0%,45.0%,+0.9,2005
San Francisco,8-7-1,53.3%,46.7%,+0.2,2005
Cincinnati,9-8-0,52.9%,47.1%,+5.5,2005
Houston,8-8-0,50.0%,50.0%,+2.0,2005
NY Jets,8-8-0,50.0%,50.0%,-0.7,2005
NY Giants,8-8-1,50.0%,50.0%,+2.0,2005
Dallas,8-8-0,50.0%,50.0%,-2.0,2005
Philadelphia,8-8-0,50.0%,50.0%,+1.3,2005
Carolina,9-10-0,47.4%,52.6%,+0.2,2005
Jacksonville,8-9-0,47.1%,52.9%,+0.4,2005
New England,8-9-1,47.1%,52.9%,+0.8,2005
Seattle,7-9-3,43.8%,56.3%,-0.1,2005
New Orleans,7-9-0,43.8%,56.3%,-2.1,2005
Washington,7-10-1,41.2%,58.8%,+0.5,2005
Green Bay,6-9-1,40.0%,60.0%,-0.4,2005
Detroit,6-10-0,37.5%,62.5%,-0.8,2005
LA Chargers,6-10-0,37.5%,62.5%,-0.5,2005
Kansas City,6-10-0,37.5%,62.5%,-1.8,2005
Indianapolis,6-11-0,35.3%,64.7%,-4.4,2005
Tampa Bay,6-11-0,35.3%,64.7%,-1.1,2005
Minnesota,5-10-1,33.3%,66.7%,-0.9,2005
Las Vegas,5-10-1,33.3%,66.7%,-3.6,2005
Baltimore,5-10-1,33.3%,66.7%,-0.5,2005
Chicago,5-12-0,29.4%,70.6%,-3.5,2005
Cleveland,4-11-1,26.7%,73.3%,-4.8,2005
Tennessee,12-3-1,80.0%,20.0%,+4.9,2006
Chicago,13-5-1,72.2%,27.8%,+5.8,2006
Arizona,11-5-0,68.8%,31.3%,+0.8,2006
Dallas,9-5-3,64.3%,35.7%,+5.2,2006
Pittsburgh,9-6-1,60.0%,40.0%,+3.2,2006
LA Chargers,10-7-0,58.8%,41.2%,+7.5,2006
NY Jets,10-7-0,58.8%,41.2%,+0.7,2006
San Francisco,9-7-0,56.3%,43.8%,+2.2,2006
Philadelphia,9-7-2,56.3%,43.8%,+2.3,2006
Jacksonville,9-7-0,56.3%,43.8%,+2.4,2006
Detroit,9-7-0,56.3%,43.8%,+1.8,2006
Seattle,10-8-0,55.6%,44.4%,+1.4,2006
New Orleans,10-8-0,55.6%,44.4%,+3.4,2006
Washington,7-6-3,53.9%,46.2%,+2.7,2006
LA Rams,8-7-1,53.3%,46.7%,+2.7,2006
NY Giants,8-7-2,53.3%,46.7%,+2.0,2006
Denver,8-8-0,50.0%,50.0%,+0.1,2006
Minnesota,7-7-2,50.0%,50.0%,-0.3,2006
Houston,8-8-0,50.0%,50.0%,-0.6,2006
Green Bay,7-8-1,46.7%,53.3%,+0.1,2006
Indianapolis,9-11-0,45.0%,55.0%,+1.6,2006
Tampa Bay,7-9-0,43.8%,56.3%,-1.9,2006
Kansas City,7-9-1,43.8%,56.3%,-0.3,2006
Buffalo,7-9-0,43.8%,56.3%,+0.7,2006
Carolina,7-9-0,43.8%,56.3%,-2.6,2006
Cincinnati,7-9-0,43.8%,56.3%,-0.9,2006
New England,8-11-0,42.1%,57.9%,+1.3,2006
Cleveland,6-9-1,40.0%,60.0%,+0.3,2006
Miami,6-10-0,37.5%,62.5%,-3.3,2006
Baltimore,6-10-1,37.5%,62.5%,-2.9,2006
Atlanta,4-11-1,26.7%,73.3%,-2.9,2006
Las Vegas,3-12-1,20.0%,80.0%,-5.9,2006
Green Bay,14-4-0,77.8%,22.2%,+4.9,2007
Jacksonville,12-4-2,75.0%,25.0%,+6.7,2007
Denver,11-4-1,73.3%,26.7%,+4.4,2007
Arizona,11-5-0,68.8%,31.3%,+6.9,2007
Detroit,11-5-0,68.8%,31.3%,+4.6,2007
Las Vegas,10-5-1,66.7%,33.3%,+2.8,2007
Baltimore,9-5-2,64.3%,35.7%,+2.8,2007
New Orleans,10-6-0,62.5%,37.5%,+3.5,2007
New England,11-7-1,61.1%,38.9%,+3.3,2007
Cleveland,9-6-1,60.0%,40.0%,+4.8,2007
Houston,9-6-1,60.0%,40.0%,+5.1,2007
Dallas,10-7-0,58.8%,41.2%,+2.2,2007
Atlanta,9-7-0,56.3%,43.8%,+2.9,2007
Miami,9-7-0,56.3%,43.8%,+3.2,2007
Chicago,9-7-0,56.3%,43.8%,+2.4,2007
Minnesota,8-7-1,53.3%,46.7%,+2.7,2007
Tampa Bay,9-8-0,52.9%,47.1%,-1.1,2007
LA Chargers,9-8-2,52.9%,47.1%,-0.5,2007
Pittsburgh,9-8-0,52.9%,47.1%,+2.2,2007
Seattle,9-9-0,50.0%,50.0%,+2.8,2007
Kansas City,8-8-0,50.0%,50.0%,-2.5,2007
Indianapolis,8-9-0,47.1%,52.9%,-0.5,2007
Washington,8-9-0,47.1%,52.9%,+1.4,2007
NY Giants,9-11-0,45.0%,55.0%,+0.8,2007
LA Rams,7-9-0,43.8%,56.3%,+0.7,2007
Buffalo,7-9-0,43.8%,56.3%,-0.8,2007
Philadelphia,7-9-0,43.8%,56.3%,-3.3,2007
Cincinnati,7-9-0,43.8%,56.3%,+2.6,2007
NY Jets,6-9-1,40.0%,60.0%,-1.1,2007
San Francisco,6-10-0,37.5%,62.5%,-2.9,2007
Carolina,6-10-0,37.5%,62.5%,-0.6,2007
Tennessee,5-11-1,31.3%,68.8%,-3.0,2007
Arizona,14-6-0,70.0%,30.0%,+6.5,2008
New Orleans,10-5-1,66.7%,33.3%,+5.6,2008
Detroit,10-5-1,66.7%,33.3%,+4.8,2008
Houston,10-5-1,66.7%,33.3%,+1.7,2008
Green Bay,9-6-1,60.0%,40.0%,+6.0,2008
Pittsburgh,11-8-0,57.9%,42.1%,-0.7,2008
Dallas,9-7-0,56.3%,43.8%,+0.8,2008
Baltimore,10-8-1,55.6%,44.4%,+1.4,2008
Denver,8-7-1,53.3%,46.7%,+3.7,2008
NY Jets,8-7-1,53.3%,46.7%,+5.4,2008
Buffalo,8-7-1,53.3%,46.7%,+1.1,2008
San Francisco,8-7-1,53.3%,46.7%,+1.9,2008
New England,8-7-1,53.3%,46.7%,+3.9,2008
LA Chargers,9-8-1,52.9%,47.1%,+4.5,2008
Minnesota,9-8-0,52.9%,47.1%,+2.4,2008
Tampa Bay,8-8-0,50.0%,50.0%,+2.3,2008
Seattle,7-7-2,50.0%,50.0%,+0.4,2008
Kansas City,8-8-0,50.0%,50.0%,+4.3,2008
NY Giants,8-8-1,50.0%,50.0%,+2.1,2008
Philadelphia,9-10-0,47.4%,52.6%,+1.8,2008
Atlanta,8-9-0,47.1%,52.9%,+1.3,2008
Indianapolis,8-9-0,47.1%,52.9%,-1.8,2008
Tennessee,8-9-0,47.1%,52.9%,-1.0,2008
Carolina,8-9-0,47.1%,52.9%,+5.0,2008
LA Rams,7-8-1,46.7%,53.3%,-0.7,2008
Cleveland,7-9-0,43.8%,56.3%,-4.6,2008
Chicago,7-9-0,43.8%,56.3%,+3.9,2008
Las Vegas,6-8-2,42.9%,57.1%,+0.5,2008
Jacksonville,6-9-1,40.0%,60.0%,+0.3,2008
Miami,6-11-0,35.3%,64.7%,-0.1,2008
Cincinnati,5-10-1,33.3%,66.7%,-3.8,2008
Washington,3-12-1,20.0%,80.0%,-5.5,2008
NY Giants,11-4-1,73.3%,26.7%,+7.7,2009
Philadelphia,11-6-0,64.7%,35.3%,+4.5,2009
Kansas City,9-5-2,64.3%,35.7%,+5.0,2009
LA Chargers,10-6-1,62.5%,37.5%,+3.4,2009
Miami,9-6-1,60.0%,40.0%,+4.0,2009
Pittsburgh,9-6-1,60.0%,40.0%,+3.3,2009
Washington,9-7-0,56.3%,43.8%,-1.7,2009
Tennessee,9-7-0,56.3%,43.8%,+5.0,2009
Green Bay,9-8-0,52.9%,47.1%,+5.9,2009
Indianapolis,10-9-0,52.6%,47.4%,-0.4,2009
NY Jets,9-9-1,50.0%,50.0%,-2.4,2009
Minnesota,9-9-0,50.0%,50.0%,+3.6,2009
Detroit,8-8-0,50.0%,50.0%,+3.3,2009
Jacksonville,8-8-0,50.0%,50.0%,-1.1,2009
New Orleans,9-10-0,47.4%,52.6%,+2.9,2009
Cincinnati,8-9-0,47.1%,52.9%,-2.9,2009
Atlanta,7-9-0,43.8%,56.3%,-1.4,2009
Las Vegas,7-9-0,43.8%,56.3%,-2.6,2009
Seattle,7-9-0,43.8%,56.3%,-1.1,2009
Cleveland,7-9-0,43.8%,56.3%,+0.1,2009
Denver,7-9-0,43.8%,56.3%,-0.1,2009
LA Rams,7-9-0,43.8%,56.3%,-4.0,2009
Baltimore,7-10-1,41.2%,58.8%,-1.4,2009
Dallas,7-11-0,38.9%,61.1%,-6.9,2009
Arizona,7-11-0,38.9%,61.1%,+1.1,2009
Buffalo,6-10-0,37.5%,62.5%,-3.7,2009
New England,6-10-1,37.5%,62.5%,-0.6,2009
Tampa Bay,6-10-0,37.5%,62.5%,-2.2,2009
Chicago,6-10-0,37.5%,62.5%,+1.3,2009
Carolina,6-10-0,37.5%,62.5%,-3.7,2009
Houston,5-10-1,33.3%,66.7%,-0.8,2009
San Francisco,5-11-0,31.3%,68.8%,-3.4,2009
New England,14-3-0,82.4%,17.7%,+6.9,2010
Dallas,13-3-0,81.3%,18.8%,+6.6,2010
Seattle,13-4-1,76.5%,23.5%,+5.5,2010
NY Jets,14-5-0,73.7%,26.3%,+2.0,2010
Jacksonville,11-5-0,68.8%,31.3%,+4.2,2010
Houston,11-5-0,68.8%,31.3%,+3.6,2010
Atlanta,10-5-2,66.7%,33.3%,+1.6,2010
Detroit,10-5-1,66.7%,33.3%,+1.3,2010
Las Vegas,10-6-0,62.5%,37.5%,+7.3,2010
Indianapolis,10-6-1,62.5%,37.5%,+3.2,2010
Arizona,10-6-0,62.5%,37.5%,+3.2,2010
Denver,10-6-0,62.5%,37.5%,+6.5,2010
San Francisco,9-6-1,60.0%,40.0%,+0.2,2010
Philadelphia,10-7-0,58.8%,41.2%,+5.3,2010
NY Giants,9-7-0,56.3%,43.8%,+1.8,2010
Cleveland,9-7-0,56.3%,43.8%,-1.9,2010
Tennessee,9-7-0,56.3%,43.8%,+0.1,2010
LA Chargers,8-7-1,53.3%,46.7%,+1.4,2010
New Orleans,9-8-0,52.9%,47.1%,-0.4,2010
Pittsburgh,10-9-0,52.6%,47.4%,+0.8,2010
Cincinnati,8-8-0,50.0%,50.0%,+3.0,2010
Tampa Bay,7-8-1,46.7%,53.3%,+0.7,2010
Baltimore,8-10-0,44.4%,55.6%,-0.3,2010
Chicago,8-10-0,44.4%,55.6%,-0.9,2010
Buffalo,7-9-0,43.8%,56.3%,+2.6,2010
Miami,7-9-0,43.8%,56.3%,-3.3,2010
Minnesota,7-9-0,43.8%,56.3%,-3.3,2010
Carolina,6-8-2,42.9%,57.1%,-0.6,2010
Kansas City,7-10-0,41.2%,58.8%,-0.4,2010
Green Bay,8-12-0,40.0%,60.0%,-3.2,2010
Washington,6-10-0,37.5%,62.5%,-0.7,2010
LA Rams,6-10-0,37.5%,62.5%,-2.9,2010
Cincinnati,12-4-1,75.0%,25.0%,+2.3,2011
Green Bay,12-5-0,70.6%,29.4%,+9.0,2011
Buffalo,11-5-0,68.8%,31.3%,+4.5,2011
Detroit,11-6-0,64.7%,35.3%,+7.3,2011
New England,12-7-0,63.2%,36.8%,+1.7,2011
NY Jets,10-6-0,62.5%,37.5%,+4.1,2011
Minnesota,10-6-0,62.5%,37.5%,+4.8,2011
Tampa Bay,10-6-0,62.5%,37.5%,+3.7,2011
Las Vegas,10-6-0,62.5%,37.5%,+4.4,2011
Carolina,10-6-0,62.5%,37.5%,+5.8,2011
New Orleans,11-7-0,61.1%,38.9%,+6.6,2011
Denver,11-7-0,61.1%,38.9%,+2.7,2011
Seattle,9-7-0,56.3%,43.8%,-0.2,2011
Chicago,9-7-0,56.3%,43.8%,+1.5,2011
Philadelphia,7-7-2,50.0%,50.0%,-1.4,2011
Baltimore,9-9-0,50.0%,50.0%,-0.8,2011
LA Chargers,8-8-0,50.0%,50.0%,+2.6,2011
NY Giants,9-10-1,47.4%,52.6%,+0.6,2011
Arizona,7-8-1,46.7%,53.3%,-1.1,2011
Washington,7-8-1,46.7%,53.3%,-1.9,2011
San Francisco,8-10-0,44.4%,55.6%,-0.4,2011
Indianapolis,7-9-0,43.8%,56.3%,+0.2,2011
Pittsburgh,7-10-0,41.2%,58.8%,-4.8,2011
Atlanta,7-10-0,41.2%,58.8%,-0.1,2011
Tennessee,6-9-1,40.0%,60.0%,-1.8,2011
Dallas,6-10-0,37.5%,62.5%,-1.8,2011
LA Rams,5-9-2,35.7%,64.3%,-3.5,2011
Houston,6-11-1,35.3%,64.7%,-1.8,2011
Jacksonville,5-11-0,31.3%,68.8%,-3.5,2011
Cleveland,4-10-2,28.6%,71.4%,-5.8,2011
Miami,4-12-0,25.0%,75.0%,-3.3,2011
Kansas City,4-12-0,25.0%,75.0%,-7.0,2011
Denver,11-5-1,68.8%,31.3%,+2.7,2012
San Francisco,12-6-1,66.7%,33.3%,+2.7,2012
New England,12-6-0,66.7%,33.3%,+6.4,2012
Detroit,10-5-1,66.7%,33.3%,+3.5,2012
LA Chargers,10-6-0,62.5%,37.5%,-0.8,2012
New Orleans,10-6-0,62.5%,37.5%,+4.4,2012
Carolina,9-7-0,56.3%,43.8%,-1.4,2012
Tampa Bay,9-7-0,56.3%,43.8%,+2.4,2012
Tennessee,9-7-0,56.3%,43.8%,+5.2,2012
Chicago,9-7-0,56.3%,43.8%,-0.5,2012
Philadelphia,8-7-1,53.3%,46.7%,+0.1,2012
Washington,9-8-0,52.9%,47.1%,+4.1,2012
Baltimore,10-9-1,52.6%,47.4%,+2.2,2012
LA Rams,8-8-0,50.0%,50.0%,-0.7,2012
Seattle,9-9-0,50.0%,50.0%,+0.8,2012
Buffalo,8-8-0,50.0%,50.0%,+3.5,2012
Dallas,8-8-0,50.0%,50.0%,+2.8,2012
Green Bay,9-9-0,50.0%,50.0%,+1.8,2012
Kansas City,7-8-1,46.7%,53.3%,-2.9,2012
Houston,8-10-0,44.4%,55.6%,+2.3,2012
Las Vegas,7-9-0,43.8%,56.3%,-0.1,2012
Arizona,7-9-0,43.8%,56.3%,-2.2,2012
Pittsburgh,7-9-0,43.8%,56.3%,-1.3,2012
Jacksonville,7-9-0,43.8%,56.3%,+1.2,2012
NY Jets,6-8-2,42.9%,57.1%,0.0,2012
Minnesota,7-10-0,41.2%,58.8%,+1.9,2012
Atlanta,7-11-0,38.9%,61.1%,-2.2,2012
Cleveland,6-10-0,37.5%,62.5%,+0.5,2012
Cincinnati,6-11-0,35.3%,64.7%,-1.0,2012
Miami,5-10-1,33.3%,66.7%,-4.3,2012
NY Giants,5-11-0,31.3%,68.8%,+0.6,2012
Indianapolis,5-11-1,31.3%,68.8%,-0.8,2012
Chicago,11-4-1,73.3%,26.7%,+10.6,2013
Minnesota,11-4-1,73.3%,26.7%,+8.2,2013
Denver,12-7-0,63.2%,36.8%,+6.8,2013
Cincinnati,10-6-1,62.5%,37.5%,+1.4,2013
Tennessee,9-6-1,60.0%,40.0%,+3.8,2013
Buffalo,9-6-1,60.0%,40.0%,+1.7,2013
Atlanta,9-7-0,56.3%,43.8%,+2.3,2013
LA Rams,9-7-0,56.3%,43.8%,+1.2,2013
Dallas,9-7-0,56.3%,43.8%,+4.0,2013
Cleveland,9-7-0,56.3%,43.8%,+2.6,2013
Jacksonville,9-7-0,56.3%,43.8%,+0.8,2013
Houston,9-7-0,56.3%,43.8%,+0.1,2013
New England,10-8-0,55.6%,44.4%,+1.7,2013
Indianapolis,10-8-0,55.6%,44.4%,+3.1,2013
NY Jets,8-7-1,53.3%,46.7%,+1.1,2013
Philadelphia,9-8-0,52.9%,47.1%,-0.2,2013
Green Bay,9-8-0,52.9%,47.1%,+4.6,2013
Tampa Bay,8-8-0,50.0%,50.0%,-0.5,2013
Arizona,8-8-0,50.0%,50.0%,+0.9,2013
Washington,8-8-0,50.0%,50.0%,+1.6,2013
Baltimore,8-8-0,50.0%,50.0%,-1.5,2013
Pittsburgh,8-8-0,50.0%,50.0%,+5.0,2013
Detroit,8-8-0,50.0%,50.0%,-0.4,2013
Kansas City,8-9-0,47.1%,52.9%,+4.4,2013
Las Vegas,7-8-1,46.7%,53.3%,+3.9,2013
Miami,6-8-2,42.9%,57.1%,-2.3,2013
San Francisco,8-11-0,42.1%,57.9%,-1.4,2013
NY Giants,6-9-1,40.0%,60.0%,-4.3,2013
LA Chargers,7-11-0,38.9%,61.1%,-2.7,2013
Seattle,7-12-0,36.8%,63.2%,-2.2,2013
New Orleans,5-12-1,29.4%,70.6%,-4.4,2013
Carolina,4-12-1,25.0%,75.0%,-5.9,2013
Philadelphia,10-5-1,66.7%,33.3%,+4.0,2014
Green Bay,12-6-0,66.7%,33.3%,+1.5,2014
NY Giants,10-6-0,62.5%,37.5%,+2.4,2014
Las Vegas,10-6-0,62.5%,37.5%,+0.3,2014
New Orleans,10-6-0,62.5%,37.5%,+0.7,2014
New England,11-7-1,61.1%,38.9%,+1.2,2014
Denver,10-7-0,58.8%,41.2%,+2.1,2014
Seattle,11-8-0,57.9%,42.1%,-1.7,2014
Pittsburgh,9-7-1,56.3%,43.8%,+2.9,2014
Carolina,10-8-0,55.6%,44.4%,+0.6,2014
Dallas,9-8-1,52.9%,47.1%,+1.3,2014
LA Rams,8-8-0,50.0%,50.0%,-1.4,2014
Indianapolis,9-9-1,50.0%,50.0%,+0.1,2014
Miami,8-8-0,50.0%,50.0%,+3.5,2014
Jacksonville,8-8-0,50.0%,50.0%,-2.7,2014
Chicago,8-8-0,50.0%,50.0%,-1.0,2014
Houston,8-8-0,50.0%,50.0%,-1.2,2014
Baltimore,8-9-1,47.1%,52.9%,+0.5,2014
Washington,7-8-1,46.7%,53.3%,0.0,2014
NY Jets,7-9-0,43.8%,56.3%,-0.6,2014
LA Chargers,7-9-0,43.8%,56.3%,-2.2,2014
Atlanta,6-10-0,37.5%,62.5%,+0.1,2014
Arizona,6-10-1,37.5%,62.5%,-4.4,2014
Minnesota,6-10-0,37.5%,62.5%,-3.2,2014
Tennessee,6-10-0,37.5%,62.5%,-1.4,2014
Cincinnati,6-11-0,35.3%,64.7%,-2.3,2014
Kansas City,5-11-0,31.3%,68.8%,-4.7,2014
San Francisco,5-11-0,31.3%,68.8%,-3.3,2014
Cleveland,5-11-0,31.3%,68.8%,-4.6,2014
Tampa Bay,5-11-0,31.3%,68.8%,-1.3,2014
Detroit,5-12-0,29.4%,70.6%,-6.7,2014
Buffalo,3-13-0,18.8%,81.3%,-4.1,2014
NY Giants,11-5-0,68.8%,31.3%,+5.8,2015
Carolina,12-7-0,63.2%,36.8%,+6.4,2015
Jacksonville,10-6-0,62.5%,37.5%,+6.8,2015
Tennessee,9-6-1,60.0%,40.0%,+1.7,2015
Washington,10-7-0,58.8%,41.2%,+2.9,2015
Las Vegas,8-6-2,57.1%,42.9%,+2.3,2015
Detroit,9-7-0,56.3%,43.8%,+1.6,2015
Tampa Bay,9-7-0,56.3%,43.8%,+2.9,2015
New Orleans,9-7-0,56.3%,43.8%,+4.7,2015
New England,10-8-0,55.6%,44.4%,-0.1,2015
Arizona,10-8-0,55.6%,44.4%,+4.1,2015
Chicago,8-7-1,53.3%,46.7%,+1.3,2015
Kansas City,9-8-1,52.9%,47.1%,-0.3,2015
Indianapolis,8-8-0,50.0%,50.0%,+0.5,2015
NY Jets,8-8-0,50.0%,50.0%,+0.8,2015
Buffalo,8-8-0,50.0%,50.0%,+2.5,2015
Cleveland,8-8-0,50.0%,50.0%,+0.9,2015
Philadelphia,8-8-0,50.0%,50.0%,+1.6,2015
Houston,8-9-0,47.1%,52.9%,-3.1,2015
Seattle,8-10-0,44.4%,55.6%,-0.2,2015
Miami,7-9-0,43.8%,56.3%,-1.7,2015
San Francisco,7-9-0,43.8%,56.3%,-4.0,2015
Baltimore,7-9-0,43.8%,56.3%,+1.3,2015
Cincinnati,7-10-0,41.2%,58.8%,-1.6,2015
LA Chargers,6-10-0,37.5%,62.5%,-1.4,2015
Dallas,6-10-0,37.5%,62.5%,-4.6,2015
Denver,6-11-2,35.3%,64.7%,-3.3,2015
Green Bay,6-12-0,33.3%,66.7%,-3.1,2015
Pittsburgh,6-12-0,33.3%,66.7%,-1.1,2015
Minnesota,4-10-3,28.6%,71.4%,-3.3,2015
LA Rams,4-12-0,25.0%,75.0%,-4.1,2015
Atlanta,2-14-0,12.5%,87.5%,-5.1,2015
Atlanta,17-2-0,89.5%,10.5%,+8.9,2016
Washington,12-4-0,75.0%,25.0%,+0.8,2016
Buffalo,12-4-0,75.0%,25.0%,+4.0,2016
Miami,12-5-0,70.6%,29.4%,+1.8,2016
Las Vegas,12-5-0,70.6%,29.4%,+2.8,2016
Green Bay,13-6-0,68.4%,31.6%,+4.7,2016
San Francisco,10-6-0,62.5%,37.5%,+4.1,2016
Arizona,10-6-0,62.5%,37.5%,+3.7,2016
Jacksonville,10-6-0,62.5%,37.5%,+0.6,2016
Tennessee,10-6-0,62.5%,37.5%,+2.4,2016
LA Chargers,9-6-1,60.0%,40.0%,+4.0,2016
Indianapolis,9-7-0,56.3%,43.8%,+0.8,2016
New Orleans,9-7-0,56.3%,43.8%,+5.6,2016
Seattle,10-8-0,55.6%,44.4%,-3.6,2016
Philadelphia,8-7-1,53.3%,46.7%,-0.4,2016
Cleveland,8-8-0,50.0%,50.0%,-0.1,2016
Carolina,8-8-0,50.0%,50.0%,+1.5,2016
New England,9-10-0,47.4%,52.6%,-1.5,2016
NY Jets,7-8-1,46.7%,53.3%,-0.9,2016
Chicago,7-8-1,46.7%,53.3%,-1.8,2016
Tampa Bay,7-8-1,46.7%,53.3%,-1.7,2016
Baltimore,7-8-1,46.7%,53.3%,-1.8,2016
Houston,8-10-0,44.4%,55.6%,-3.8,2016
LA Rams,7-9-0,43.8%,56.3%,-3.2,2016
Minnesota,7-9-0,43.8%,56.3%,-2.1,2016
Denver,7-9-0,43.8%,56.3%,-3.3,2016
Dallas,7-10-0,41.2%,58.8%,-0.5,2016
Cincinnati,6-10-0,37.5%,62.5%,-4.8,2016
Pittsburgh,7-12-0,36.8%,63.2%,-2.6,2016
Detroit,6-11-0,35.3%,64.7%,-3.4,2016
Kansas City,6-11-0,35.3%,64.7%,-2.0,2016
NY Giants,5-12-0,29.4%,70.6%,-8.2,2016
Green Bay,11-5-0,68.8%,31.3%,-0.8,2017
LA Rams,10-6-1,62.5%,37.5%,+4.0,2017
Detroit,10-6-0,62.5%,37.5%,+4.3,2017
New Orleans,11-7-0,61.1%,38.9%,-0.5,2017
Carolina,10-7-0,58.8%,41.2%,-0.1,2017
Baltimore,9-7-0,56.3%,43.8%,+3.3,2017
Tennessee,10-8-0,55.6%,44.4%,-0.3,2017
Philadelphia,10-9-0,52.6%,47.4%,+2.3,2017
Tampa Bay,8-8-0,50.0%,50.0%,-2.2,2017
Denver,8-8-0,50.0%,50.0%,+1.1,2017
San Francisco,8-8-0,50.0%,50.0%,+1.0,2017
NY Jets,8-8-0,50.0%,50.0%,-0.3,2017
Minnesota,9-9-0,50.0%,50.0%,-2.0,2017
New England,9-10-0,47.4%,52.6%,-0.8,2017
Jacksonville,9-10-0,47.4%,52.6%,+3.4,2017
Kansas City,8-9-0,47.1%,52.9%,+1.1,2017
Miami,7-8-1,46.7%,53.3%,-1.4,2017
Washington,7-8-1,46.7%,53.3%,-0.3,2017
Seattle,7-9-0,43.8%,56.3%,-0.1,2017
Buffalo,7-9-1,43.8%,56.3%,-4.0,2017
Cleveland,7-9-0,43.8%,56.3%,-0.8,2017
Houston,7-9-0,43.8%,56.3%,+5.8,2017
Cincinnati,6-9-1,40.0%,60.0%,-1.2,2017
Indianapolis,6-10-0,37.5%,62.5%,-1.1,2017
NY Giants,6-10-0,37.5%,62.5%,-2.8,2017
Arizona,6-10-0,37.5%,62.5%,-1.2,2017
Dallas,6-10-0,37.5%,62.5%,-4.3,2017
Pittsburgh,6-10-1,37.5%,62.5%,+3.3,2017
Las Vegas,5-11-0,31.3%,68.8%,-4.2,2017
Atlanta,5-13-0,27.8%,72.2%,-7.4,2017
LA Chargers,4-12-0,25.0%,75.0%,-5.7,2017
Chicago,4-12-0,25.0%,75.0%,-5.3,2017
NY Jets,10-6-0,62.5%,37.5%,+5.4,2018
Kansas City,11-7-0,61.1%,38.9%,+7.5,2018
Seattle,10-7-0,58.8%,41.2%,+2.6,2018
Cincinnati,8-6-2,57.1%,42.9%,+3.4,2018
Atlanta,9-7-0,56.3%,43.8%,+2.0,2018
Tampa Bay,9-7-0,56.3%,43.8%,+2.1,2018
San Francisco,9-7-0,56.3%,43.8%,+2.0,2018
NY Giants,9-7-0,56.3%,43.8%,+3.4,2018
Carolina,8-8-0,50.0%,50.0%,+0.8,2018
LA Chargers,9-9-0,50.0%,50.0%,+0.8,2018
Miami,8-8-0,50.0%,50.0%,+1.9,2018
Dallas,9-9-0,50.0%,50.0%,-1.6,2018
Pittsburgh,8-8-0,50.0%,50.0%,-1.0,2018
Tennessee,8-8-0,50.0%,50.0%,-3.6,2018
Green Bay,8-8-0,50.0%,50.0%,+0.8,2018
LA Rams,9-10-0,47.4%,52.6%,+2.6,2018
Chicago,8-9-0,47.1%,52.9%,-0.4,2018
Cleveland,7-8-1,46.7%,53.3%,+0.5,2018
Indianapolis,8-10-0,44.4%,55.6%,-1.0,2018
Buffalo,7-9-0,43.8%,56.3%,0.0,2018
Arizona,7-9-0,43.8%,56.3%,-1.4,2018
Washington,7-9-0,43.8%,56.3%,-3.6,2018
Baltimore,7-10-0,41.2%,58.8%,-2.5,2018
Houston,7-10-0,41.2%,58.8%,-0.9,2018
Las Vegas,6-9-1,40.0%,60.0%,+0.1,2018
Philadelphia,7-11-0,38.9%,61.1%,-3.2,2018
New Orleans,7-11-0,38.9%,61.1%,-0.3,2018
Detroit,6-10-0,37.5%,62.5%,-3.5,2018
Jacksonville,6-10-0,37.5%,62.5%,-6.8,2018
Minnesota,6-10-0,37.5%,62.5%,-2.1,2018
New England,7-12-0,36.8%,63.2%,-2.2,2018
Denver,3-13-0,18.8%,81.3%,-3.8,2018
Tampa Bay,12-4-0,75.0%,25.0%,+8.2,2019
Carolina,11-5-0,68.8%,31.3%,+4.8,2019
NY Giants,10-6-0,62.5%,37.5%,+4.3,2019
Dallas,10-6-0,62.5%,37.5%,+0.8,2019
Detroit,10-6-0,62.5%,37.5%,+2.9,2019
Tennessee,11-8-0,57.9%,42.1%,+0.9,2019
Indianapolis,9-7-0,56.3%,43.8%,+0.8,2019
Miami,9-7-0,56.3%,43.8%,+5.6,2019
Arizona,9-7-0,56.3%,43.8%,+2.8,2019
Jacksonville,8-7-1,53.3%,46.7%,+0.6,2019
New Orleans,9-8-0,52.9%,47.1%,+2.4,2019
Seattle,9-8-1,52.9%,47.1%,+1.6,2019
Baltimore,9-8-0,52.9%,47.1%,+4.5,2019
Kansas City,10-9-0,52.6%,47.4%,+0.1,2019
San Francisco,9-9-1,50.0%,50.0%,+3.0,2019
Cleveland,8-8-0,50.0%,50.0%,+0.9,2019
Washington,8-8-0,50.0%,50.0%,+2.1,2019
Minnesota,9-9-0,50.0%,50.0%,0.0,2019
Philadelphia,8-9-0,47.1%,52.9%,+0.2,2019
Cincinnati,7-8-1,46.7%,53.3%,-0.8,2019
Green Bay,8-10-0,44.4%,55.6%,-1.4,2019
Houston,8-10-0,44.4%,55.6%,+1.3,2019
LA Chargers,7-9-0,43.8%,56.3%,-2.6,2019
NY Jets,7-9-0,43.8%,56.3%,-2.4,2019
Atlanta,7-9-0,43.8%,56.3%,-0.8,2019
Las Vegas,7-9-0,43.8%,56.3%,-0.9,2019
Denver,7-9-0,43.8%,56.3%,-3.9,2019
LA Rams,7-9-0,43.8%,56.3%,-0.5,2019
New England,7-10-0,41.2%,58.8%,-4.4,2019
Chicago,6-10-0,37.5%,62.5%,-4.3,2019
Pittsburgh,4-12-0,25.0%,75.0%,-4.8,2019
Buffalo,4-13-0,23.5%,76.5%,-4.8,2019
Las Vegas,13-3-0,81.3%,18.8%,+6.0,2020
Tennessee,12-4-1,75.0%,25.0%,+6.1,2020
Minnesota,11-4-1,73.3%,26.7%,+6.6,2020
Buffalo,13-5-1,72.2%,27.8%,+4.4,2020
Detroit,10-6-0,62.5%,37.5%,+5.0,2020
Green Bay,11-7-0,61.1%,38.9%,+4.1,2020
Indianapolis,10-7-0,58.8%,41.2%,+2.6,2020
LA Chargers,9-7-0,56.3%,43.8%,+3.4,2020
Dallas,9-7-0,56.3%,43.8%,+5.2,2020
Pittsburgh,9-7-1,56.3%,43.8%,+2.8,2020
New Orleans,10-8-0,55.6%,44.4%,+1.9,2020
Cleveland,10-8-0,55.6%,44.4%,+4.7,2020
Tampa Bay,11-9-0,55.0%,45.0%,+2.6,2020
Jacksonville,8-7-1,53.3%,46.7%,+1.0,2020
San Francisco,8-8-0,50.0%,50.0%,+0.8,2020
Denver,8-8-0,50.0%,50.0%,+2.6,2020
Cincinnati,8-8-0,50.0%,50.0%,0.0,2020
Houston,8-8-0,50.0%,50.0%,+2.4,2020
Kansas City,9-10-0,47.4%,52.6%,-0.8,2020
Seattle,8-9-0,47.1%,52.9%,+1.0,2020
Chicago,8-9-0,47.1%,52.9%,+0.4,2020
Carolina,7-8-1,46.7%,53.3%,-1.5,2020
Atlanta,7-9-0,43.8%,56.3%,-0.8,2020
NY Jets,7-9-0,43.8%,56.3%,-1.2,2020
Miami,7-9-0,43.8%,56.3%,-0.4,2020
Philadelphia,7-9-0,43.8%,56.3%,+1.1,2020
Baltimore,7-11-0,38.9%,61.1%,-1.6,2020
Washington,6-10-1,37.5%,62.5%,-2.0,2020
LA Rams,6-12-0,33.3%,66.7%,-4.0,2020
New England,5-10-1,33.3%,66.7%,-2.3,2020
Arizona,5-10-1,33.3%,66.7%,-2.2,2020
NY Giants,3-12-1,20.0%,80.0%,-5.5,2020
Minnesota,11-6-0,64.7%,35.3%,+1.5,2021
Kansas City,12-8-0,60.0%,40.0%,-0.3,2021
LA Chargers,10-7-0,58.8%,41.2%,+5.5,2021
NY Jets,10-7-0,58.8%,41.2%,+3.8,2021
New England,10-8-0,55.6%,44.4%,+2.0,2021
Philadelphia,10-8-0,55.6%,44.4%,+1.8,2021
Tampa Bay,10-9-0,52.6%,47.4%,+1.5,2021
Buffalo,10-9-0,52.6%,47.4%,+0.5,2021
LA Rams,10-10-1,50.0%,50.0%,-0.8,2021
Indianapolis,8-9-0,47.1%,52.9%,+1.2,2021
Baltimore,8-9-0,47.1%,52.9%,-0.8,2021
Houston,8-9-0,47.1%,52.9%,-1.5,2021
Carolina,8-9-0,47.1%,52.9%,-1.9,2021
Tennessee,8-10-0,44.4%,55.6%,-3.0,2021
Las Vegas,8-10-0,44.4%,55.6%,0.0,2021
Dallas,8-10-0,44.4%,55.6%,+1.1,2021
Arizona,8-10-0,44.4%,55.6%,-1.0,2021
Green Bay,8-10-0,44.4%,55.6%,-0.2,2021
Detroit,7-10-0,41.2%,58.8%,+1.1,2021
Atlanta,7-10-0,41.2%,58.8%,-1.4,2021
New Orleans,7-10-0,41.2%,58.8%,-2.0,2021
Miami,7-10-0,41.2%,58.8%,-2.0,2021
Cleveland,7-10-0,41.2%,58.8%,-3.2,2021
Washington,7-10-0,41.2%,58.8%,-0.1,2021
Pittsburgh,7-10-1,41.2%,58.8%,+1.0,2021
Chicago,7-10-0,41.2%,58.8%,-0.8,2021
San Francisco,8-12-0,40.0%,60.0%,-2.3,2021
Cincinnati,8-13-0,38.1%,61.9%,+1.2,2021
Seattle,6-10-1,37.5%,62.5%,-2.0,2021
NY Giants,5-11-1,31.3%,68.8%,-4.7,2021
Jacksonville,5-12-0,29.4%,70.6%,-3.9,2021
Denver,5-12-0,29.4%,70.6%,-5.3,2021
Minnesota,12-6-0,66.7%,33.3%,+4.0,2022
Chicago,10-7-0,58.8%,41.2%,+3.4,2022
Detroit,10-7-0,58.8%,41.2%,+2.8,2022
Philadelphia,11-9-0,55.0%,45.0%,+3.1,2022
Arizona,8-7-2,53.3%,46.7%,+0.9,2022
Seattle,9-9-0,50.0%,50.0%,+3.2,2022
Cleveland,8-8-1,50.0%,50.0%,+0.3,2022
Las Vegas,8-8-1,50.0%,50.0%,+1.4,2022
Miami,9-9-0,50.0%,50.0%,+1.0,2022
San Francisco,10-10-0,50.0%,50.0%,+0.5,2022
Dallas,9-10-0,47.4%,52.6%,+2.2,2022
Jacksonville,9-10-0,47.4%,52.6%,+0.8,2022
New England,8-9-0,47.1%,52.9%,-0.7,2022
Green Bay,8-9-0,47.1%,52.9%,-0.9,2022
Carolina,8-9-0,47.1%,52.9%,+1.3,2022
Kansas City,9-11-0,45.0%,55.0%,+1.6,2022
NY Giants,8-10-1,44.4%,55.6%,+0.7,2022
Pittsburgh,7-10-0,41.2%,58.8%,-2.2,2022
Indianapolis,7-10-0,41.2%,58.8%,-0.7,2022
Atlanta,7-10-0,41.2%,58.8%,+0.4,2022
LA Chargers,7-10-1,41.2%,58.8%,-1.3,2022
Houston,7-10-0,41.2%,58.8%,-1.5,2022
Buffalo,7-11-0,38.9%,61.1%,-0.8,2022
Cincinnati,7-11-1,38.9%,61.1%,+0.4,2022
New Orleans,6-11-0,35.3%,64.7%,-2.5,2022
Denver,6-11-0,35.3%,64.7%,-3.5,2022
LA Rams,6-11-0,35.3%,64.7%,-1.6,2022
Baltimore,6-12-0,33.3%,66.7%,-3.3,2022
Tampa Bay,6-12-0,33.3%,66.7%,-3.8,2022
Washington,5-11-1,31.3%,68.8%,-2.6,2022
Tennessee,5-12-0,29.4%,70.6%,-3.7,2022
NY Jets,5-12-0,29.4%,70.6%,-5.5,2022
Chicago,3-0-0,100.0%,0.0%,+7.7,2023
Houston,2-1-0,66.7%,33.3%,+4.0,2023
Indianapolis,2-1-0,66.7%,33.3%,+4.8,2023
Jacksonville,2-1-0,66.7%,33.3%,-2.5,2023
LA Chargers,2-1-0,66.7%,33.3%,+8.0,2023
Seattle,2-1-0,66.7%,33.3%,+13.7,2023
Denver,2-1-0,66.7%,33.3%,+20.3,2023
Miami,2-1-0,66.7%,33.3%,+19.2,2023
Arizona,2-1-0,66.7%,33.3%,+5.8,2023
Dallas,2-1-0,66.7%,33.3%,-1.2,2023
Philadelphia,2-1-0,66.7%,33.3%,+2.0,2023
Green Bay,2-1-0,66.7%,33.3%,+6.3,2023
Detroit,1-2-0,33.3%,66.7%,-4.2,2023
Tennessee,1-2-0,33.3%,66.7%,-4.3,2023
Minnesota,1-2-0,33.3%,66.7%,+1.2,2023
Atlanta,1-2-0,33.3%,66.7%,-6.5,2023
Las Vegas,1-2-0,33.3%,66.7%,-4.2,2023
Tampa Bay,1-2-0,33.3%,66.7%,-4.2,2023
LA Rams,1-2-0,33.3%,66.7%,-1.2,2023
San Francisco,1-2-0,33.3%,66.7%,+0.7,2023
Kansas City,1-2-0,33.3%,66.7%,-11.3,2023
NY Jets,1-2-0,33.3%,66.7%,-5.5,2023
Buffalo,1-2-0,33.3%,66.7%,-3.3,2023
Carolina,1-2-0,33.3%,66.7%,+4.0,2023
NY Giants,1-2-0,33.3%,66.7%,+4.3,2023
New England,1-2-0,33.3%,66.7%,-4.8,2023
Cleveland,1-2-0,33.3%,66.7%,-6.2,2023
Washington,1-2-0,33.3%,66.7%,+7.7,2023
Pittsburgh,1-2-0,33.3%,66.7%,+0.7,2023
Baltimore,1-2-0,33.3%,66.7%,-2.3,2023
Cincinnati,1-2-0,33.3%,66.7%,-8.2,2023
New Orleans,0-3-0,0.0%,100.0%,-6.5,2023
