Team,Win-Loss Record,Win %,MOV,ATS,Year
New England,17-2-0,89.5%,6.6,+4.3,2003
Kansas City,13-4-0,76.5%,8.5,+2.9,2003
Indianapolis,14-5-0,73.7%,7.3,+4.5,2003
Philadelphia,13-5-0,72.2%,4.4,+1.8,2003
Tennessee,13-5-0,72.2%,6.2,+3.0,2003
LA Rams,12-5-0,70.6%,6.6,+1.9,2003
Carolina,14-6-0,70.0%,2.7,+2.1,2003
Miami,10-6-0,62.5%,3.1,+0.3,2003
Green Bay,11-7-0,61.1%,7.7,+4.6,2003
Seattle,10-7-0,58.8%,4.2,+1.7,2003
Dallas,10-7-0,58.8%,0.6,-0.1,2003
Baltimore,10-7-0,58.8%,6.3,+5.0,2003
Denver,10-7-0,58.8%,2.9,+0.4,2003
Minnesota,9-7-0,56.3%,3.9,+0.6,2003
Cincinnati,8-8-0,50.0%,-2.4,-0.1,2003
New Orleans,8-8-0,50.0%,0.9,+1.0,2003
Chicago,7-9-0,43.8%,-3.9,-0.2,2003
Tampa Bay,7-9-0,43.8%,2.3,-1.4,2003
San Francisco,7-9-0,43.8%,2.9,+2.4,2003
NY Jets,6-10-0,37.5%,-1.0,+0.4,2003
Buffalo,6-10-0,37.5%,-2.3,-1.5,2003
Pittsburgh,6-10-0,37.5%,-1.7,-2.4,2003
Washington,5-11-0,31.3%,-5.3,-2.8,2003
Cleveland,5-11-0,31.3%,-4.3,-2.5,2003
Detroit,5-11-0,31.3%,-6.8,-1.3,2003
Jacksonville,5-11-0,31.3%,-3.4,-0.2,2003
Atlanta,5-11-0,31.3%,-7.7,-3.4,2003
Houston,5-11-0,31.3%,-7.8,-0.9,2003
Las Vegas,4-12-0,25.0%,-6.8,-4.8,2003
NY Giants,4-12-0,25.0%,-9.0,-8.1,2003
Arizona,4-12-0,25.0%,-14.2,-7.3,2003
LA Chargers,4-12-0,25.0%,-8.0,-3.8,2003
New England,17-2-0,89.5%,11.1,+4.7,2004
Pittsburgh,16-2-0,88.9%,6.1,+3.3,2004
Philadelphia,15-4-0,79.0%,8.1,+2.6,2004
Indianapolis,13-5-0,72.2%,9.9,+4.9,2004
LA Chargers,12-5-0,70.6%,7.6,+7.9,2004
Atlanta,12-6-0,66.7%,0.9,-1.2,2004
NY Jets,11-7-0,61.1%,4.0,+2.9,2004
Green Bay,10-7-0,58.8%,1.8,-0.4,2004
Denver,10-7-0,58.8%,3.1,-0.9,2004
Baltimore,9-7-0,56.3%,3.1,+1.1,2004
Jacksonville,9-7-0,56.3%,-1.2,-0.1,2004
Buffalo,9-7-0,56.3%,6.9,+6.4,2004
Seattle,9-8-0,52.9%,-0.5,-4.2,2004
Minnesota,9-9-0,50.0%,0.6,-1.9,2004
New Orleans,8-8-0,50.0%,-3.6,-0.9,2004
LA Rams,9-9-0,50.0%,-5.3,-6.5,2004
Cincinnati,8-8-0,50.0%,0.1,+2.3,2004
Kansas City,7-9-0,43.8%,3.0,+1.6,2004
Houston,7-9-0,43.8%,-1.9,+1.5,2004
Carolina,7-9-0,43.8%,1.0,+1.4,2004
Dallas,6-10-0,37.5%,-7.0,-5.4,2004
NY Giants,6-10-0,37.5%,-2.8,-0.1,2004
Detroit,6-10-0,37.5%,-3.4,-1.4,2004
Arizona,6-10-0,37.5%,-2.4,+1.5,2004
Washington,6-10-0,37.5%,-1.6,-0.3,2004
Tennessee,5-11-0,31.3%,-5.9,-5.9,2004
Tampa Bay,5-11-0,31.3%,-0.2,+0.5,2004
Chicago,5-11-0,31.3%,-6.3,-1.8,2004
Las Vegas,5-11-0,31.3%,-7.6,-4.9,2004
Cleveland,4-12-0,25.0%,-7.1,-1.6,2004
Miami,4-12-0,25.0%,-4.9,-0.2,2004
San Francisco,2-14-0,12.5%,-12.1,-6.4,2004
Indianapolis,14-3-0,82.4%,11.1,+2.3,2005
Seattle,15-4-0,79.0%,10.5,+6.3,2005
Denver,14-4-0,77.8%,7.4,+3.9,2005
Pittsburgh,15-5-0,75.0%,8.8,+6.1,2005
Jacksonville,12-5-0,70.6%,3.9,+2.4,2005
Carolina,13-6-0,68.4%,7.5,+4.7,2005
Tampa Bay,11-6-0,64.7%,1.1,-0.8,2005
NY Giants,11-6-0,64.7%,5.0,+2.2,2005
Cincinnati,11-6-0,64.7%,3.4,-0.1,2005
Chicago,11-6-0,64.7%,2.9,+2.5,2005
Kansas City,10-6-0,62.5%,4.9,+3.6,2005
New England,11-7-0,61.1%,2.9,-0.1,2005
Washington,11-7-0,61.1%,3.5,+2.9,2005
LA Chargers,9-7-0,56.3%,6.6,+3.5,2005
Miami,9-7-0,56.3%,0.1,+2.6,2005
Dallas,9-7-0,56.3%,1.1,-0.2,2005
Minnesota,9-7-0,56.3%,-2.4,-1.5,2005
Atlanta,8-8-0,50.0%,0.6,-1.7,2005
LA Rams,6-10-0,37.5%,-4.1,-3.8,2005
Philadelphia,6-10-0,37.5%,-4.9,-4.8,2005
Cleveland,6-10-0,37.5%,-4.3,-0.7,2005
Baltimore,6-10-0,37.5%,-2.1,-0.8,2005
Buffalo,5-11-0,31.3%,-6.0,-3.7,2005
Arizona,5-11-0,31.3%,-4.8,-2.0,2005
Detroit,5-11-0,31.3%,-5.7,-3.3,2005
Las Vegas,4-12-0,25.0%,-5.8,-3.1,2005
NY Jets,4-12-0,25.0%,-7.2,-2.6,2005
San Francisco,4-12-0,25.0%,-11.8,-2.6,2005
Tennessee,4-12-0,25.0%,-7.6,-4.0,2005
Green Bay,4-12-0,25.0%,-2.9,-0.7,2005
New Orleans,3-13-0,18.8%,-10.2,-6.1,2005
Houston,2-14-0,12.5%,-10.7,-5.2,2005
LA Chargers,14-3-0,82.4%,10.9,+4.4,2006
Indianapolis,16-4-0,80.0%,5.4,-0.2,2006
Chicago,15-4-0,79.0%,9.9,+4.0,2006
Baltimore,13-4-0,76.5%,8.4,+5.6,2006
New England,14-5-0,73.7%,8.8,+4.7,2006
Philadelphia,11-7-0,61.1%,3.9,+1.2,2006
New Orleans,11-7-0,61.1%,3.8,+4.2,2006
NY Jets,10-7-0,58.8%,0.0,+1.9,2006
Denver,9-7-0,56.3%,0.9,-2.5,2006
Seattle,10-8-0,55.6%,-0.4,-2.4,2006
Dallas,9-8-0,52.9%,4.4,-0.7,2006
Kansas City,9-8-0,52.9%,0.1,+0.2,2006
Tennessee,8-8-0,50.0%,-4.8,+1.6,2006
Pittsburgh,8-8-0,50.0%,2.4,-0.5,2006
Jacksonville,8-8-0,50.0%,6.1,+4.2,2006
Green Bay,8-8-0,50.0%,-4.1,-1.0,2006
LA Rams,8-8-0,50.0%,-0.9,-0.2,2006
Cincinnati,8-8-0,50.0%,2.6,+0.5,2006
Carolina,8-8-0,50.0%,-2.2,-4.3,2006
NY Giants,8-9-0,47.1%,-0.6,-1.6,2006
Buffalo,7-9-0,43.8%,-0.7,+2.5,2006
Atlanta,7-9-0,43.8%,-2.3,-3.4,2006
San Francisco,7-9-0,43.8%,-7.1,-1.8,2006
Minnesota,6-10-0,37.5%,-2.8,-2.4,2006
Miami,6-10-0,37.5%,-1.4,-1.1,2006
Houston,6-10-0,37.5%,-6.2,-0.5,2006
Arizona,5-11-0,31.3%,-4.7,-1.1,2006
Washington,5-11-0,31.3%,-4.3,-2.2,2006
Cleveland,4-12-0,25.0%,-7.4,-2.4,2006
Tampa Bay,4-12-0,25.0%,-8.9,-4.1,2006
Detroit,3-13-0,18.8%,-5.8,-1.8,2006
Las Vegas,2-14-0,12.5%,-10.3,-3.5,2006
New England,18-1-0,94.7%,17.5,+4.1,2007
Green Bay,14-4-0,77.8%,9.1,+6.2,2007
Indianapolis,13-4-0,76.5%,10.8,+4.2,2007
Dallas,13-4-0,76.5%,7.4,+1.4,2007
NY Giants,14-6-0,70.0%,2.1,+2.8,2007
LA Chargers,13-6-0,68.4%,7.1,+3.2,2007
Jacksonville,12-6-0,66.7%,5.4,+4.5,2007
Cleveland,10-6-0,62.5%,1.3,+2.0,2007
Seattle,11-7-0,61.1%,5.6,+2.3,2007
Pittsburgh,10-7-0,58.8%,7.2,+1.5,2007
Tennessee,10-7-0,58.8%,-0.4,-1.0,2007
Washington,9-8-0,52.9%,0.2,+0.7,2007
Tampa Bay,9-8-0,52.9%,3.2,+2.6,2007
Philadelphia,8-8-0,50.0%,2.3,+1.8,2007
Arizona,8-8-0,50.0%,0.3,+0.7,2007
Minnesota,8-8-0,50.0%,3.4,+3.3,2007
Houston,8-8-0,50.0%,-0.3,+1.6,2007
Cincinnati,7-9-0,43.8%,-0.3,-1.2,2007
Detroit,7-9-0,43.8%,-6.1,-3.3,2007
Chicago,7-9-0,43.8%,-0.9,0.0,2007
Denver,7-9-0,43.8%,-5.6,-5.5,2007
Buffalo,7-9-0,43.8%,-6.4,-0.9,2007
New Orleans,7-9-0,43.8%,-0.6,-3.3,2007
Carolina,7-9-0,43.8%,-5.0,-2.4,2007
San Francisco,5-11-0,31.3%,-9.1,-3.6,2007
Baltimore,5-11-0,31.3%,-6.8,-5.4,2007
NY Jets,4-12-0,25.0%,-5.4,-0.6,2007
Atlanta,4-12-0,25.0%,-9.7,-4.0,2007
Las Vegas,4-12-0,25.0%,-7.2,-2.3,2007
Kansas City,4-12-0,25.0%,-6.8,-3.1,2007
LA Rams,3-13-0,18.8%,-10.9,-6.2,2007
Miami,1-15-0,6.3%,-10.6,-4.4,2007
Pittsburgh,15-4-0,79.0%,7.8,+4.0,2008
Tennessee,13-4-0,76.5%,8.1,+4.5,2008
NY Giants,12-5-0,70.6%,7.1,+2.8,2008
Indianapolis,12-5-0,70.6%,4.3,+0.4,2008
Carolina,12-5-0,70.6%,3.8,+0.7,2008
New England,11-5-0,68.8%,6.3,+2.0,2008
Baltimore,13-6-0,68.4%,8.1,+8.0,2008
Atlanta,11-6-0,64.7%,3.5,+4.1,2008
Miami,11-6-0,64.7%,0.6,+0.9,2008
Philadelphia,11-7-1,61.1%,7.6,+3.9,2008
Arizona,12-8-0,60.0%,1.5,+1.4,2008
Minnesota,10-7-0,58.8%,2.0,+0.4,2008
NY Jets,9-7-0,56.3%,3.1,+0.4,2008
Dallas,9-7-0,56.3%,-0.2,-4.6,2008
Chicago,9-7-0,56.3%,1.6,+0.5,2008
Tampa Bay,9-7-0,56.3%,2.4,-0.3,2008
Denver,8-8-0,50.0%,-4.9,-6.0,2008
Washington,8-8-0,50.0%,-1.9,-2.1,2008
Houston,8-8-0,50.0%,-1.8,-1.1,2008
LA Chargers,9-9-0,50.0%,4.8,+0.9,2008
New Orleans,8-8-0,50.0%,4.4,+3.5,2008
Buffalo,7-9-0,43.8%,-0.4,-1.1,2008
San Francisco,7-9-0,43.8%,-2.6,0.0,2008
Green Bay,6-10-0,37.5%,2.4,+1.3,2008
Jacksonville,5-11-0,31.3%,-4.1,-4.2,2008
Las Vegas,5-11-0,31.3%,-7.8,-1.1,2008
Cincinnati,4-11-1,26.7%,-10.0,-3.1,2008
Seattle,4-12-0,25.0%,-6.1,-2.5,2008
Cleveland,4-12-0,25.0%,-7.4,-2.5,2008
Kansas City,2-14-0,12.5%,-9.3,-2.0,2008
LA Rams,2-14-0,12.5%,-14.6,-6.3,2008
Detroit,0-16-0,0.0%,-15.6,-7.1,2008
Indianapolis,16-3-0,84.2%,6.6,+1.9,2009
New Orleans,16-3-0,84.2%,11.4,+4.8,2009
LA Chargers,13-4-0,76.5%,7.7,+3.2,2009
Minnesota,13-5-0,72.2%,10.3,+4.7,2009
Dallas,12-6-0,66.7%,5.6,+1.5,2009
Green Bay,11-6-0,64.7%,9.3,+4.4,2009
Philadelphia,11-6-0,64.7%,4.2,+0.1,2009
Arizona,11-7-0,61.1%,1.4,-1.1,2009
New England,10-7-0,58.8%,7.2,+1.6,2009
Cincinnati,10-7-0,58.8%,0.2,-0.4,2009
NY Jets,11-8-0,57.9%,5.9,+5.5,2009
Pittsburgh,9-7-0,56.3%,2.8,-3.1,2009
Atlanta,9-7-0,56.3%,2.4,+2.3,2009
Houston,9-7-0,56.3%,3.4,+1.5,2009
Baltimore,10-8-0,55.6%,7.3,+3.2,2009
Tennessee,8-8-0,50.0%,-3.0,-4.1,2009
NY Giants,8-8-0,50.0%,-1.6,-5.0,2009
Denver,8-8-0,50.0%,0.1,+0.6,2009
San Francisco,8-8-0,50.0%,3.1,+3.1,2009
Carolina,8-8-0,50.0%,0.4,+3.0,2009
Chicago,7-9-0,43.8%,-3.0,-2.1,2009
Jacksonville,7-9-0,43.8%,-5.6,-5.0,2009
Miami,7-9-0,43.8%,-1.9,+0.5,2009
Buffalo,6-10-0,37.5%,-4.3,-0.5,2009
Cleveland,5-11-0,31.3%,-8.1,-1.0,2009
Las Vegas,5-11-0,31.3%,-11.4,-2.8,2009
Seattle,5-11-0,31.3%,-6.9,-4.6,2009
Kansas City,4-12-0,25.0%,-8.1,-1.4,2009
Washington,4-12-0,25.0%,-4.4,-1.9,2009
Tampa Bay,3-13-0,18.8%,-9.8,-1.5,2009
Detroit,2-14-0,12.5%,-14.5,-4.8,2009
LA Rams,1-15-0,6.3%,-16.3,-6.5,2009
New England,14-3-0,82.4%,11.6,+7.1,2010
Atlanta,13-4-0,76.5%,5.8,+1.9,2010
Pittsburgh,14-5-0,73.7%,7.8,+4.1,2010
Baltimore,13-5-0,72.2%,5.7,+1.6,2010
Green Bay,14-6-0,70.0%,9.7,+6.6,2010
NY Jets,13-6-0,68.4%,3.5,+2.4,2010
Chicago,12-6-0,66.7%,2.9,+2.8,2010
New Orleans,11-6-0,64.7%,4.2,-1.8,2010
NY Giants,10-6-0,62.5%,2.9,-0.3,2010
Tampa Bay,10-6-0,62.5%,1.4,+3.3,2010
Philadelphia,10-7-0,58.8%,3.4,+0.8,2010
Indianapolis,10-7-0,58.8%,2.7,-0.9,2010
Kansas City,10-7-0,58.8%,1.0,+0.6,2010
LA Chargers,9-7-0,56.3%,7.4,+0.8,2010
Jacksonville,8-8-0,50.0%,-4.1,-1.5,2010
Las Vegas,8-8-0,50.0%,2.4,+5.6,2010
Seattle,8-10-0,44.4%,-5.7,-2.0,2010
LA Rams,7-9-0,43.8%,-2.4,-0.3,2010
Miami,7-9-0,43.8%,-3.8,-3.6,2010
Dallas,6-10-0,37.5%,-2.6,-3.5,2010
Washington,6-10-0,37.5%,-4.7,-1.0,2010
Minnesota,6-10-0,37.5%,-4.2,-3.3,2010
Detroit,6-10-0,37.5%,-0.4,+4.5,2010
Tennessee,6-10-0,37.5%,1.1,+1.1,2010
Houston,6-10-0,37.5%,-2.3,-2.2,2010
San Francisco,6-10-0,37.5%,-2.6,-3.0,2010
Arizona,5-11-0,31.3%,-9.1,-5.8,2010
Cleveland,5-11-0,31.3%,-3.8,+0.1,2010
Denver,4-12-0,25.0%,-7.9,-5.0,2010
Buffalo,4-12-0,25.0%,-8.9,-3.8,2010
Cincinnati,4-12-0,25.0%,-4.6,-1.3,2010
Carolina,2-14-0,12.5%,-13.3,-7.7,2010
Green Bay,15-2-0,88.2%,10.8,+2.5,2011
New England,15-4-0,79.0%,10.8,+3.1,2011
San Francisco,14-4-0,77.8%,8.4,+5.8,2011
New Orleans,14-4-0,77.8%,12.3,+6.0,2011
Baltimore,13-5-0,72.2%,6.4,+0.9,2011
Pittsburgh,12-5-0,70.6%,5.4,-0.2,2011
NY Giants,13-7-0,65.0%,2.0,+2.4,2011
Houston,11-7-0,61.1%,6.5,+4.3,2011
Atlanta,10-7-0,58.8%,1.8,-0.5,2011
Detroit,10-7-0,58.8%,4.1,+2.6,2011
Tennessee,9-7-0,56.3%,0.5,-0.5,2011
Cincinnati,9-8-0,52.9%,0.0,+0.6,2011
Las Vegas,8-8-0,50.0%,-4.6,-3.1,2011
LA Chargers,8-8-0,50.0%,1.8,-0.6,2011
Denver,9-9-0,50.0%,-6.1,-2.6,2011
NY Jets,8-8-0,50.0%,0.9,-1.6,2011
Philadelphia,8-8-0,50.0%,4.3,+0.6,2011
Arizona,8-8-0,50.0%,-2.3,+0.5,2011
Dallas,8-8-0,50.0%,1.4,-1.7,2011
Chicago,8-8-0,50.0%,0.8,+1.8,2011
Kansas City,7-9-0,43.8%,-7.9,-3.0,2011
Seattle,7-9-0,43.8%,0.4,+4.2,2011
Buffalo,6-10-0,37.5%,-3.9,-1.4,2011
Miami,6-10-0,37.5%,1.0,+3.3,2011
Carolina,6-10-0,37.5%,-1.4,+0.4,2011
Washington,5-11-0,31.3%,-4.9,-2.3,2011
Jacksonville,5-11-0,31.3%,-5.4,0.0,2011
Tampa Bay,4-12-0,25.0%,-12.9,-9.6,2011
Cleveland,4-12-0,25.0%,-5.6,-1.7,2011
Minnesota,3-13-0,18.8%,-6.8,-3.1,2011
LA Rams,2-14-0,12.5%,-13.4,-6.4,2011
Indianapolis,2-14-0,12.5%,-11.7,-4.0,2011
Atlanta,14-4-0,77.8%,6.6,+3.8,2012
Denver,13-4-0,76.5%,11.1,+5.8,2012
San Francisco,13-5-1,72.2%,7.3,+2.1,2012
New England,13-5-0,72.2%,12.4,+4.8,2012
Houston,13-5-0,72.2%,4.3,-1.4,2012
Baltimore,14-6-0,70.0%,4.5,+3.5,2012
Green Bay,12-6-0,66.7%,5.4,+0.2,2012
Seattle,12-6-0,66.7%,9.7,+8.6,2012
Indianapolis,11-6-0,64.7%,-2.6,+0.4,2012
Chicago,10-6-0,62.5%,6.1,+3.2,2012
Cincinnati,10-7-0,58.8%,3.8,+3.4,2012
Washington,10-7-0,58.8%,2.2,+3.3,2012
Minnesota,10-7-0,58.8%,1.0,+2.5,2012
NY Giants,9-7-0,56.3%,5.3,+2.9,2012
Dallas,8-8-0,50.0%,-1.5,-2.7,2012
Pittsburgh,8-8-0,50.0%,1.4,-1.3,2012
LA Rams,7-8-1,46.7%,-3.1,+1.5,2012
Tampa Bay,7-9-0,43.8%,-0.3,+1.1,2012
Carolina,7-9-0,43.8%,-0.4,+0.4,2012
LA Chargers,7-9-0,43.8%,0.0,-0.4,2012
Miami,7-9-0,43.8%,-1.8,+0.2,2012
New Orleans,7-9-0,43.8%,0.4,-0.4,2012
Buffalo,6-10-0,37.5%,-5.7,-3.6,2012
NY Jets,6-10-0,37.5%,-5.9,-4.2,2012
Tennessee,6-10-0,37.5%,-8.8,-4.8,2012
Cleveland,5-11-0,31.3%,-4.1,-0.2,2012
Arizona,5-11-0,31.3%,-6.7,-1.3,2012
Philadelphia,4-12-0,25.0%,-10.3,-8.8,2012
Detroit,4-12-0,25.0%,-4.1,-4.3,2012
Las Vegas,4-12-0,25.0%,-9.6,-5.7,2012
Jacksonville,2-14-0,12.5%,-11.8,-5.3,2012
Kansas City,2-14-0,12.5%,-13.4,-7.3,2012
Seattle,16-3-0,84.2%,12.4,+5.2,2013
Denver,15-4-0,79.0%,9.9,+1.2,2013
San Francisco,14-5-0,73.7%,7.6,+3.3,2013
New England,13-5-0,72.2%,6.5,+2.8,2013
Carolina,12-5-0,70.6%,6.6,+3.9,2013
Indianapolis,12-6-0,66.7%,1.9,+1.4,2013
New Orleans,12-6-0,66.7%,5.8,+2.9,2013
Cincinnati,11-6-0,64.7%,6.4,+3.3,2013
Kansas City,11-6-0,64.7%,7.3,+5.4,2013
Arizona,10-6-0,62.5%,3.4,+4.3,2013
Philadelphia,10-7-0,58.8%,3.4,+1.2,2013
LA Chargers,10-8-0,55.6%,3.2,+3.9,2013
NY Jets,8-8-0,50.0%,-6.1,-2.5,2013
Dallas,8-8-0,50.0%,0.4,+0.1,2013
Baltimore,8-8-0,50.0%,-2.0,-1.7,2013
Pittsburgh,8-8-0,50.0%,0.6,+0.2,2013
Chicago,8-8-0,50.0%,-2.1,-2.3,2013
Green Bay,8-8-1,50.0%,-0.8,-2.9,2013
Miami,8-8-0,50.0%,-1.1,-0.7,2013
NY Giants,7-9-0,43.8%,-5.6,-3.9,2013
Tennessee,7-9-0,43.8%,-1.2,0.0,2013
Detroit,7-9-0,43.8%,1.2,-1.0,2013
LA Rams,7-9-0,43.8%,-1.0,+2.8,2013
Buffalo,6-10-0,37.5%,-3.1,+0.4,2013
Minnesota,5-10-1,33.3%,-5.6,-1.6,2013
Cleveland,4-12-0,25.0%,-6.1,-3.3,2013
Jacksonville,4-12-0,25.0%,-12.6,-2.8,2013
Tampa Bay,4-12-0,25.0%,-6.3,-2.3,2013
Atlanta,4-12-0,25.0%,-5.6,-3.8,2013
Las Vegas,4-12-0,25.0%,-8.2,-1.9,2013
Washington,3-13-0,18.8%,-9.0,-6.3,2013
Houston,2-14-0,12.5%,-9.5,-9.5,2013
New England,15-4-0,79.0%,10.6,+6.7,2014
Seattle,14-5-0,73.7%,8.2,+1.7,2014
Dallas,13-5-0,72.2%,6.3,+4.7,2014
Green Bay,13-5-0,72.2%,7.6,+3.4,2014
Denver,12-5-0,70.6%,6.9,-0.3,2014
Indianapolis,13-6-0,68.4%,4.1,+1.5,2014
Arizona,11-6-0,64.7%,0.0,+1.9,2014
Pittsburgh,11-6-0,64.7%,3.2,+1.1,2014
Detroit,11-6-0,64.7%,2.1,+0.3,2014
Philadelphia,10-6-0,62.5%,4.6,+2.5,2014
Cincinnati,10-6-1,62.5%,0.3,-0.7,2014
Baltimore,11-7-0,61.1%,6.4,+3.6,2014
LA Chargers,9-7-0,56.3%,0.0,-0.3,2014
Kansas City,9-7-0,56.3%,4.5,+3.9,2014
Buffalo,9-7-0,56.3%,3.4,+4.1,2014
Houston,9-7-0,56.3%,4.1,+3.8,2014
San Francisco,8-8-0,50.0%,-2.1,-4.9,2014
Miami,8-8-0,50.0%,0.9,-0.1,2014
Carolina,8-9-1,47.1%,-2.1,+0.5,2014
New Orleans,7-9-0,43.8%,-1.4,-6.0,2014
Cleveland,7-9-0,43.8%,-2.4,-1.1,2014
Minnesota,7-9-0,43.8%,-1.1,+1.7,2014
Atlanta,6-10-0,37.5%,-2.3,-0.9,2014
LA Rams,6-10-0,37.5%,-1.9,+1.0,2014
NY Giants,6-10-0,37.5%,-1.3,+0.2,2014
Chicago,5-11-0,31.3%,-7.7,-4.9,2014
NY Jets,4-12-0,25.0%,-7.4,-3.7,2014
Washington,4-12-0,25.0%,-8.6,-5.6,2014
Las Vegas,3-13-0,18.8%,-12.4,-3.9,2014
Jacksonville,3-13-0,18.8%,-10.2,-3.2,2014
Tampa Bay,2-14-0,12.5%,-8.3,-3.5,2014
Tennessee,2-14-0,12.5%,-11.5,-6.9,2014
Carolina,17-2-0,89.5%,11.5,+7.6,2015
Denver,15-4-0,79.0%,4.3,+2.2,2015
Arizona,14-4-0,77.8%,8.2,+3.4,2015
New England,13-5-0,72.2%,8.6,+1.4,2015
Cincinnati,12-5-0,70.6%,8.1,+4.4,2015
Kansas City,12-6-0,66.7%,7.8,+5.2,2015
Minnesota,11-6-0,64.7%,3.6,+4.1,2015
NY Jets,10-6-0,62.5%,4.6,+2.1,2015
Seattle,11-7-0,61.1%,7.8,+2.4,2015
Pittsburgh,11-7-0,61.1%,5.5,+4.0,2015
Green Bay,11-7-0,61.1%,3.1,-0.4,2015
Washington,9-8-0,52.9%,-0.5,+2.9,2015
Houston,9-8-0,52.9%,-0.2,+0.6,2015
Atlanta,8-8-0,50.0%,-0.4,-1.8,2015
Buffalo,8-8-0,50.0%,1.3,+1.1,2015
Indianapolis,8-8-0,50.0%,-4.7,-4.0,2015
Las Vegas,7-9-0,43.8%,-2.5,-0.2,2015
New Orleans,7-9-0,43.8%,-4.3,-3.0,2015
LA Rams,7-9-0,43.8%,-3.1,-1.7,2015
Philadelphia,7-9-0,43.8%,-3.3,-4.5,2015
Detroit,7-9-0,43.8%,-2.6,-1.3,2015
Tampa Bay,6-10-0,37.5%,-4.7,-2.2,2015
Miami,6-10-0,37.5%,-4.9,-3.7,2015
NY Giants,6-10-0,37.5%,-1.4,-0.3,2015
Chicago,6-10-0,37.5%,-3.9,-0.1,2015
San Francisco,5-11-0,31.3%,-9.3,-2.9,2015
Baltimore,5-11-0,31.3%,-4.6,-2.7,2015
Jacksonville,5-11-0,31.3%,-4.5,-1.9,2015
LA Chargers,4-12-0,25.0%,-4.9,-2.5,2015
Dallas,4-12-0,25.0%,-6.2,-4.2,2015
Cleveland,3-13-0,18.8%,-9.6,-4.3,2015
Tennessee,3-13-0,18.8%,-7.8,-4.4,2015
New England,17-2-0,89.5%,12.3,+5.5,2016
Dallas,13-4-0,76.5%,6.6,+4.5,2016
Kansas City,12-5-0,70.6%,4.5,+2.1,2016
Las Vegas,12-5-0,70.6%,1.1,+0.5,2016
Atlanta,13-6-0,68.4%,8.8,+6.7,2016
Pittsburgh,13-6-0,68.4%,3.8,+0.4,2016
Seattle,11-6-1,64.7%,3.7,-1.5,2016
NY Giants,11-6-0,64.7%,0.1,+0.1,2016
Green Bay,12-7-0,63.2%,2.6,+0.2,2016
Miami,10-7-0,58.8%,-2.1,+0.4,2016
Denver,9-7-0,56.3%,2.3,+1.1,2016
Tampa Bay,9-7-0,56.3%,-0.9,+1.7,2016
Tennessee,9-7-0,56.3%,0.2,+0.3,2016
Houston,10-8-0,55.6%,-3.0,-1.1,2016
Washington,8-7-1,53.3%,0.8,-0.1,2016
Detroit,9-8-0,52.9%,-1.9,-0.5,2016
Indianapolis,8-8-0,50.0%,1.2,+2.3,2016
Minnesota,8-8-0,50.0%,1.3,-0.1,2016
Baltimore,8-8-0,50.0%,1.4,+0.6,2016
Arizona,7-8-1,46.7%,3.5,+0.2,2016
Buffalo,7-9-0,43.8%,1.3,+0.6,2016
Philadelphia,7-9-0,43.8%,2.3,+2.8,2016
New Orleans,7-9-0,43.8%,0.9,+1.1,2016
Cincinnati,6-9-1,40.0%,0.6,-0.3,2016
Carolina,6-10-0,37.5%,-2.1,-3.4,2016
NY Jets,5-11-0,31.3%,-8.4,-4.9,2016
LA Chargers,5-11-0,31.3%,-0.8,-0.3,2016
LA Rams,4-12-0,25.0%,-10.6,-6.3,2016
Jacksonville,3-13-0,18.8%,-5.1,-1.8,2016
Chicago,3-13-0,18.8%,-7.5,-3.7,2016
San Francisco,2-14-0,12.5%,-10.7,-4.5,2016
Cleveland,1-15-0,6.3%,-11.8,-5.0,2016
Philadelphia,16-3-0,84.2%,10.8,+7.9,2017
New England,15-4-0,79.0%,9.4,+0.8,2017
Minnesota,14-4-0,77.8%,5.8,+2.3,2017
Pittsburgh,13-4-0,76.5%,5.6,-0.3,2017
New Orleans,12-6-0,66.7%,6.8,+3.8,2017
LA Rams,11-6-0,64.7%,8.0,+5.6,2017
Carolina,11-6-0,64.7%,1.8,+1.0,2017
Jacksonville,12-7-0,63.2%,8.2,+6.3,2017
Atlanta,11-7-0,61.1%,2.6,-0.9,2017
Kansas City,10-7-0,58.8%,4.4,+0.8,2017
Seattle,9-7-0,56.3%,2.1,-0.9,2017
Dallas,9-7-0,56.3%,1.4,-0.7,2017
Baltimore,9-7-0,56.3%,5.8,+3.5,2017
Detroit,9-7-0,56.3%,2.1,+1.7,2017
LA Chargers,9-7-0,56.3%,5.2,+3.8,2017
Tennessee,10-8-0,55.6%,-2.3,-2.7,2017
Buffalo,9-8-0,52.9%,-3.8,-1.4,2017
Arizona,8-8-0,50.0%,-4.1,-2.2,2017
Washington,7-9-0,43.8%,-2.9,-1.9,2017
Green Bay,7-9-0,43.8%,-4.0,-2.3,2017
Cincinnati,7-9-0,43.8%,-3.7,-2.8,2017
Las Vegas,6-10-0,37.5%,-4.5,-4.3,2017
Miami,6-10-0,37.5%,-7.0,-2.5,2017
San Francisco,6-10-0,37.5%,-3.3,+1.1,2017
NY Jets,5-11-0,31.3%,-5.3,+1.0,2017
Tampa Bay,5-11-0,31.3%,-2.9,-0.8,2017
Chicago,5-11-0,31.3%,-3.5,+1.2,2017
Denver,5-11-0,31.3%,-5.8,-6.0,2017
Indianapolis,4-12-0,25.0%,-8.8,-3.4,2017
Houston,4-12-0,25.0%,-6.1,-2.4,2017
NY Giants,3-13-0,18.8%,-8.9,-4.2,2017
Cleveland,0-16-0,0.0%,-11.0,-4.6,2017
LA Rams,15-4-0,79.0%,7.6,+0.7,2018
New Orleans,14-4-0,77.8%,8.6,+3.0,2018
New England,14-5-0,73.7%,7.4,+0.9,2018
Kansas City,13-5-0,72.2%,8.7,+4.0,2018
LA Chargers,13-5-0,72.2%,5.1,+1.1,2018
Chicago,12-5-0,70.6%,8.1,+4.9,2018
Houston,11-6-0,64.7%,4.2,+1.3,2018
Indianapolis,11-7-0,61.1%,4.7,+4.3,2018
Dallas,11-7-0,61.1%,0.5,+1.3,2018
Pittsburgh,9-6-1,60.0%,4.3,+1.3,2018
Seattle,10-7-0,58.8%,4.6,+4.2,2018
Baltimore,10-7-0,58.8%,5.6,+2.8,2018
Tennessee,9-7-0,56.3%,0.4,+1.1,2018
Philadelphia,10-8-0,55.6%,0.8,+0.1,2018
Minnesota,8-7-1,53.3%,1.2,-1.4,2018
Cleveland,7-8-1,46.7%,-2.1,+0.8,2018
Atlanta,7-9-0,43.8%,-0.6,-2.0,2018
Miami,7-9-0,43.8%,-7.1,-3.1,2018
Washington,7-9-0,43.8%,-4.9,-1.6,2018
Carolina,7-9-0,43.8%,-0.4,-0.2,2018
Green Bay,6-9-1,40.0%,-1.5,-4.0,2018
Detroit,6-10-0,37.5%,-2.3,+0.6,2018
Denver,6-10-0,37.5%,-1.3,0.0,2018
Buffalo,6-10-0,37.5%,-6.6,-0.2,2018
Cincinnati,6-10-0,37.5%,-5.4,-2.0,2018
Jacksonville,5-11-0,31.3%,-4.4,-4.5,2018
Tampa Bay,5-11-0,31.3%,-4.3,-0.9,2018
NY Giants,5-11-0,31.3%,-2.7,-0.3,2018
Las Vegas,4-12-0,25.0%,-11.1,-5.3,2018
NY Jets,4-12-0,25.0%,-6.8,-2.3,2018
San Francisco,4-12-0,25.0%,-5.8,-2.1,2018
Arizona,3-13-0,18.8%,-12.5,-5.3,2018
Baltimore,14-3-0,82.4%,13.7,+8.1,2019
San Francisco,15-4-0,79.0%,10.1,+6.1,2019
Kansas City,15-4-0,79.0%,9.7,+4.9,2019
Green Bay,14-4-0,77.8%,2.8,-0.3,2019
New Orleans,13-4-0,76.5%,6.5,+2.1,2019
New England,12-5-0,70.6%,11.1,+1.6,2019
Seattle,12-6-0,66.7%,0.6,-1.3,2019
Minnesota,11-7-0,61.1%,5.2,+2.7,2019
Houston,11-7-0,61.1%,-1.3,-1.0,2019
Buffalo,10-7-0,58.8%,3.1,+2.7,2019
Tennessee,11-8-0,57.9%,4.4,+4.9,2019
LA Rams,9-7-0,56.3%,1.9,-0.8,2019
Philadelphia,9-8-0,52.9%,1.4,-1.3,2019
Dallas,8-8-0,50.0%,7.1,+1.7,2019
Pittsburgh,8-8-0,50.0%,-0.9,-1.3,2019
Chicago,8-8-0,50.0%,-1.1,-2.6,2019
Atlanta,7-9-0,43.8%,-1.1,+1.1,2019
Las Vegas,7-9-0,43.8%,-6.6,-3.8,2019
Tampa Bay,7-9-0,43.8%,0.6,+1.4,2019
Denver,7-9-0,43.8%,-2.1,+0.5,2019
NY Jets,7-9-0,43.8%,-5.2,-0.3,2019
Indianapolis,7-9-0,43.8%,-0.8,-1.0,2019
Jacksonville,6-10-0,37.5%,-6.1,-3.9,2019
Cleveland,6-10-0,37.5%,-3.6,-4.3,2019
Arizona,5-10-1,33.3%,-5.1,+0.5,2019
LA Chargers,5-11-0,31.3%,-0.5,-2.0,2019
Miami,5-11-0,31.3%,-11.8,-1.3,2019
Carolina,5-11-0,31.3%,-8.1,-6.3,2019
NY Giants,4-12-0,25.0%,-6.9,-3.2,2019
Detroit,3-12-1,20.0%,-5.1,-1.1,2019
Washington,3-13-0,18.8%,-10.6,-3.2,2019
Cincinnati,2-14-0,12.5%,-8.8,-3.1,2019
Kansas City,16-3-0,84.2%,5.7,-1.2,2020
Buffalo,15-4-0,79.0%,6.8,+4.6,2020
Green Bay,14-4-0,77.8%,8.3,+3.3,2020
Tampa Bay,15-5-0,75.0%,9.1,+5.2,2020
New Orleans,13-5-0,72.2%,8.2,+2.9,2020
Seattle,12-5-0,70.6%,4.6,0.0,2020
Pittsburgh,12-5-0,70.6%,5.5,+1.0,2020
Cleveland,12-6-0,66.7%,-0.3,-1.5,2020
Baltimore,12-6-0,66.7%,8.8,+2.8,2020
Indianapolis,11-6-0,64.7%,5.1,+1.3,2020
Tennessee,11-6-0,64.7%,2.6,+0.4,2020
Miami,10-6-0,62.5%,4.1,+4.7,2020
LA Rams,11-7-0,61.1%,4.0,+1.4,2020
Las Vegas,8-8-0,50.0%,-2.8,-1.6,2020
Arizona,8-8-0,50.0%,2.7,+0.9,2020
Chicago,8-9-0,47.1%,-0.6,+2.1,2020
LA Chargers,7-9-0,43.8%,-2.6,-3.2,2020
New England,7-9-0,43.8%,-1.7,-1.6,2020
Minnesota,7-9-0,43.8%,-2.8,-2.9,2020
Washington,7-10-0,41.2%,-0.1,+3.5,2020
San Francisco,6-10-0,37.5%,-0.9,-1.0,2020
NY Giants,6-10-0,37.5%,-4.8,+0.4,2020
Dallas,6-10-0,37.5%,-4.9,-3.0,2020
Denver,5-11-0,31.3%,-7.7,-2.1,2020
Detroit,5-11-0,31.3%,-8.9,-5.7,2020
Carolina,5-11-0,31.3%,-3.3,+0.4,2020
Philadelphia,4-11-1,26.7%,-5.3,-3.6,2020
Cincinnati,4-11-1,26.7%,-7.1,-0.3,2020
Atlanta,4-12-0,25.0%,-1.1,+1.2,2020
Houston,4-12-0,25.0%,-5.0,-3.5,2020
NY Jets,2-14-0,12.5%,-13.4,-4.2,2020
Jacksonville,1-15-0,6.3%,-11.6,-4.0,2020
LA Rams,16-5-0,76.2%,5.7,+0.4,2021
Tampa Bay,14-5-0,73.7%,9.0,+0.6,2021
Green Bay,13-5-0,72.2%,4.2,+0.1,2021
Kansas City,14-6-0,70.0%,7.0,+0.7,2021
Dallas,12-6-0,66.7%,9.2,+5.0,2021
Tennessee,12-6-0,66.7%,3.4,+2.4,2021
Buffalo,12-7-0,63.2%,11.5,+4.1,2021
Cincinnati,13-8-0,61.9%,4.5,+4.5,2021
Arizona,11-7-0,61.1%,3.3,+0.3,2021
San Francisco,12-8-0,60.0%,3.4,+1.1,2021
New England,10-8-0,55.6%,7.2,+4.4,2021
Las Vegas,10-8-0,55.6%,-4.0,-1.8,2021
Miami,9-8-0,52.9%,-1.9,-0.4,2021
Pittsburgh,9-8-1,52.9%,-4.2,-2.3,2021
Indianapolis,9-8-0,52.9%,5.1,+3.2,2021
LA Chargers,9-8-0,52.9%,0.9,-1.4,2021
New Orleans,9-8-0,52.9%,1.7,+1.9,2021
Philadelphia,9-9-0,50.0%,2.4,+2.4,2021
Cleveland,8-9-0,47.1%,-1.3,-3.0,2021
Minnesota,8-9-0,47.1%,-0.1,-0.3,2021
Baltimore,8-9-0,47.1%,-0.3,-1.6,2021
Washington,7-10-0,41.2%,-5.8,-2.1,2021
Atlanta,7-10-0,41.2%,-8.6,-5.1,2021
Seattle,7-10-0,41.2%,1.7,+1.0,2021
Denver,7-10-0,41.2%,0.8,+0.4,2021
Chicago,6-11-0,35.3%,-5.6,-1.2,2021
Carolina,5-12-0,29.4%,-5.9,-3.4,2021
NY Jets,4-13-0,23.5%,-11.4,-4.1,2021
NY Giants,4-13-0,23.5%,-9.3,-2.9,2021
Houston,4-13-0,23.5%,-10.1,+0.1,2021
Detroit,3-13-1,18.8%,-8.4,-0.1,2021
Jacksonville,3-14-0,17.7%,-12.0,-5.5,2021
Kansas City,17-3-0,85.0%,7.0,+0.6,2022
Philadelphia,16-4-0,80.0%,9.3,+2.7,2022
Buffalo,14-4-0,77.8%,8.6,+1.0,2022
San Francisco,15-5-0,75.0%,8.7,+3.5,2022
Cincinnati,14-5-0,73.7%,6.2,+2.8,2022
Minnesota,13-5-0,72.2%,-0.6,-2.6,2022
Dallas,13-6-0,68.4%,7.1,+3.5,2022
LA Chargers,10-8-0,55.6%,0.3,-0.6,2022
NY Giants,10-8-1,55.6%,-1.6,+1.8,2022
Baltimore,10-8-0,55.6%,1.6,-0.2,2022
Pittsburgh,9-8-0,52.9%,-2.2,+0.9,2022
Detroit,9-8-0,52.9%,1.5,+3.9,2022
Jacksonville,10-9-0,52.6%,2.5,+4.5,2022
Seattle,9-9-0,50.0%,-0.7,+1.3,2022
Miami,9-9-0,50.0%,-0.3,-0.6,2022
Washington,8-8-1,50.0%,-1.3,+0.2,2022
New England,8-9-0,47.1%,1.0,+1.4,2022
Green Bay,8-9-0,47.1%,-0.1,-2.4,2022
Tampa Bay,8-10-0,44.4%,-3.4,-6.2,2022
New Orleans,7-10-0,41.2%,-0.9,-0.3,2022
Atlanta,7-10-0,41.2%,-1.2,+0.9,2022
NY Jets,7-10-0,41.2%,-1.2,+1.8,2022
Cleveland,7-10-0,41.2%,-1.2,-0.8,2022
Tennessee,7-10-0,41.2%,-3.6,-1.1,2022
Carolina,7-10-0,41.2%,-1.6,+2.2,2022
Las Vegas,6-11-0,35.3%,-1.4,-1.2,2022
Denver,5-12-0,29.4%,-4.2,-3.7,2022
LA Rams,5-12-0,29.4%,-4.5,-3.0,2022
Indianapolis,4-12-1,25.0%,-8.1,-6.6,2022
Arizona,4-13-0,23.5%,-6.4,-2.5,2022
Houston,3-13-1,18.8%,-7.7,-0.4,2022
Chicago,3-14-0,17.7%,-8.1,-3.0,2022
Philadelphia,3-0-0,100.0%,8.3,+3.3,2023
San Francisco,3-0-0,100.0%,16.0,+9.7,2023
Miami,3-0-0,100.0%,19.7,+18.2,2023
Cleveland,2-1-0,66.7%,13.7,+11.8,2023
Washington,2-1-0,66.7%,-9.3,-8.7,2023
Pittsburgh,2-1-0,66.7%,-4.7,-2.7,2023
Dallas,2-1-0,66.7%,16.0,+8.7,2023
Green Bay,2-1-0,66.7%,6.0,+7.8,2023
Baltimore,2-1-0,66.7%,5.3,+0.7,2023
Tampa Bay,2-1-0,66.7%,-0.3,+2.0,2023
Detroit,2-1-0,66.7%,3.0,+1.8,2023
Indianapolis,2-1-0,66.7%,1.3,+5.3,2023
Atlanta,2-1-0,66.7%,0.3,-0.8,2023
Seattle,2-1-0,66.7%,-0.3,-1.8,2023
Kansas City,2-1-0,66.7%,12.7,+6.2,2023
Buffalo,2-1-0,66.7%,18.7,+13.7,2023
New Orleans,2-1-0,66.7%,1.0,-1.5,2023
New England,1-2-0,33.3%,-2.3,-1.5,2023
Jacksonville,1-2-0,33.3%,-6.0,-8.7,2023
NY Giants,1-2-0,33.3%,-18.3,-15.5,2023
Tennessee,1-2-0,33.3%,-7.3,-4.3,2023
Houston,1-2-0,33.3%,-2.3,+3.0,2023
Las Vegas,1-2-0,33.3%,-10.7,-8.2,2023
LA Chargers,1-2-0,33.3%,-0.3,-2.2,2023
LA Rams,1-2-0,33.3%,2.3,+7.3,2023
NY Jets,1-2-0,33.3%,-6.3,-2.0,2023
Arizona,1-2-0,33.3%,1.7,+9.3,2023
Cincinnati,1-2-0,33.3%,-7.0,-9.0,2023
Minnesota,0-3-0,0.0%,-4.3,-3.7,2023
Chicago,0-3-0,0.0%,-19.7,-15.0,2023
Denver,0-3-0,0.0%,-17.7,-18.0,2023
Carolina,0-3-0,0.0%,-9.0,-5.3,2023
